Snappy	Literal [1, 1]	Literal [1, 1, 1, 1, 1, 1, 1]	10624804
Snappy	Literal [1, 1]	Delta [1, 1, 1, 1, 1, 1, 1]	14271273
Snappy	Literal [1, 1]	Literal [2, 1, 1, 1, 1, 1]	10624804
Snappy	Literal [1, 1]	Delta [2, 1, 1, 1, 1, 1]	13902385
Snappy	Literal [1, 1]	Literal [1, 2, 1, 1, 1, 1]	10624804
Snappy	Literal [1, 1]	Delta [1, 2, 1, 1, 1, 1]	13904157
Snappy	Literal [1, 1]	Literal [1, 1, 2, 1, 1, 1]	10877083
Snappy	Literal [1, 1]	Delta [1, 1, 2, 1, 1, 1]	13532885
Snappy	Literal [1, 1]	Literal [1, 1, 1, 2, 1, 1]	10448669
Snappy	Literal [1, 1]	Delta [1, 1, 1, 2, 1, 1]	14515587
Snappy	Literal [1, 1]	Literal [1, 1, 1, 1, 2, 1]	10740435
Snappy	Literal [1, 1]	Delta [1, 1, 1, 1, 2, 1]	14151680
Snappy	Literal [1, 1]	Literal [1, 1, 1, 1, 1, 2]	12149015
Snappy	Literal [1, 1]	Delta [1, 1, 1, 1, 1, 2]	15731937
Snappy	Literal [1, 1]	Literal [3, 1, 1, 1, 1]	10624804
Snappy	Literal [1, 1]	Delta [3, 1, 1, 1, 1]	12959175
Snappy	Literal [1, 1]	Literal [2, 2, 1, 1, 1]	10877083
Snappy	Literal [1, 1]	Delta [2, 2, 1, 1, 1]	13160557
Snappy	Literal [1, 1]	Literal [2, 1, 2, 1, 1]	10448669
Snappy	Literal [1, 1]	Delta [2, 1, 2, 1, 1]	14146714
Snappy	Literal [1, 1]	Literal [2, 1, 1, 2, 1]	10740435
Snappy	Literal [1, 1]	Delta [2, 1, 1, 2, 1]	13782842
Snappy	Literal [1, 1]	Literal [2, 1, 1, 1, 2]	12149015
Snappy	Literal [1, 1]	Delta [2, 1, 1, 1, 2]	15363105
Snappy	Literal [1, 1]	Literal [1, 3, 1, 1, 1]	10868975
Snappy	Literal [1, 1]	Delta [1, 3, 1, 1, 1]	12848276
Snappy	Literal [1, 1]	Literal [1, 2, 2, 1, 1]	10448669
Snappy	Literal [1, 1]	Delta [1, 2, 2, 1, 1]	14144659
Snappy	Literal [1, 1]	Literal [1, 2, 1, 2, 1]	10740435
Snappy	Literal [1, 1]	Delta [1, 2, 1, 2, 1]	13784567
Snappy	Literal [1, 1]	Literal [1, 2, 1, 1, 2]	12149015
Snappy	Literal [1, 1]	Delta [1, 2, 1, 1, 2]	15366295
Snappy	Literal [1, 1]	Literal [1, 1, 3, 1, 1]	11093874
Snappy	Literal [1, 1]	Delta [1, 1, 3, 1, 1]	14161813
Snappy	Literal [1, 1]	Literal [1, 1, 2, 2, 1]	10964359
Snappy	Literal [1, 1]	Delta [1, 1, 2, 2, 1]	13374808
Snappy	Literal [1, 1]	Literal [1, 1, 2, 1, 2]	12213540
Snappy	Literal [1, 1]	Delta [1, 1, 2, 1, 2]	14812918
Snappy	Literal [1, 1]	Literal [1, 1, 1, 3, 1]	11001906
Snappy	Literal [1, 1]	Delta [1, 1, 1, 3, 1]	14281793
Snappy	Literal [1, 1]	Literal [1, 1, 1, 2, 2]	11823164
Snappy	Literal [1, 1]	Delta [1, 1, 1, 2, 2]	15937011
Snappy	Literal [1, 1]	Literal [1, 1, 1, 1, 3]	12015459
Snappy	Literal [1, 1]	Delta [1, 1, 1, 1, 3]	14841030
Snappy	Literal [1, 1]	Literal [4, 1, 1, 1]	12418482
Snappy	Literal [1, 1]	Delta [4, 1, 1, 1]	12918666
Snappy	Literal [1, 1]	Literal [3, 2, 1, 1]	10448669
Snappy	Literal [1, 1]	Delta [3, 2, 1, 1]	13200801
Snappy	Literal [1, 1]	Literal [3, 1, 2, 1]	10740435
Snappy	Literal [1, 1]	Delta [3, 1, 2, 1]	12839696
Snappy	Literal [1, 1]	Literal [3, 1, 1, 2]	12149015
Snappy	Literal [1, 1]	Delta [3, 1, 1, 2]	14414977
Snappy	Literal [1, 1]	Literal [2, 3, 1, 1]	11093874
Snappy	Literal [1, 1]	Delta [2, 3, 1, 1]	13789865
Snappy	Literal [1, 1]	Literal [2, 2, 2, 1]	10964359
Snappy	Literal [1, 1]	Delta [2, 2, 2, 1]	13002548
Snappy	Literal [1, 1]	Literal [2, 2, 1, 2]	12213540
Snappy	Literal [1, 1]	Delta [2, 2, 1, 2]	14440179
Snappy	Literal [1, 1]	Literal [2, 1, 3, 1]	11001906
Snappy	Literal [1, 1]	Delta [2, 1, 3, 1]	13912993
Snappy	Literal [1, 1]	Literal [2, 1, 2, 2]	11823164
Snappy	Literal [1, 1]	Delta [2, 1, 2, 2]	15568135
Snappy	Literal [1, 1]	Literal [2, 1, 1, 3]	12015459
Snappy	Literal [1, 1]	Delta [2, 1, 1, 3]	14472152
Snappy	Literal [1, 1]	Literal [1, 4, 1, 1]	11797368
Snappy	Literal [1, 1]	Delta [1, 4, 1, 1]	13488183
Snappy	Literal [1, 1]	Literal [1, 3, 2, 1]	10970329
Snappy	Literal [1, 1]	Delta [1, 3, 2, 1]	12700509
Snappy	Literal [1, 1]	Literal [1, 3, 1, 2]	12214828
Snappy	Literal [1, 1]	Delta [1, 3, 1, 2]	14123790
Snappy	Literal [1, 1]	Literal [1, 2, 3, 1]	11001906
Snappy	Literal [1, 1]	Delta [1, 2, 3, 1]	13914282
Snappy	Literal [1, 1]	Literal [1, 2, 2, 2]	11823164
Snappy	Literal [1, 1]	Delta [1, 2, 2, 2]	15568837
Snappy	Literal [1, 1]	Literal [1, 2, 1, 3]	12015459
Snappy	Literal [1, 1]	Delta [1, 2, 1, 3]	14471661
Snappy	Literal [1, 1]	Literal [1, 1, 4, 1]	11565011
Snappy	Literal [1, 1]	Delta [1, 1, 4, 1]	14114689
Snappy	Literal [1, 1]	Literal [1, 1, 3, 2]	12494766
Snappy	Literal [1, 1]	Delta [1, 1, 3, 2]	15532234
Snappy	Literal [1, 1]	Literal [1, 1, 2, 3]	12092035
Snappy	Literal [1, 1]	Delta [1, 1, 2, 3]	14003290
Snappy	Literal [1, 1]	Literal [1, 1, 1, 4]	11920579
Snappy	Literal [1, 1]	Delta [1, 1, 1, 4]	14336080
Snappy	Literal [1, 1]	Literal [5, 1, 1]	11779317
Snappy	Literal [1, 1]	Delta [5, 1, 1]	12487263
Snappy	Literal [1, 1]	Literal [4, 2, 1]	12515504
Snappy	Literal [1, 1]	Delta [4, 2, 1]	12767496
Snappy	Literal [1, 1]	Literal [4, 1, 2]	13762285
Snappy	Literal [1, 1]	Delta [4, 1, 2]	14191579
Snappy	Literal [1, 1]	Literal [3, 3, 1]	11001906
Snappy	Literal [1, 1]	Delta [3, 3, 1]	12971671
Snappy	Literal [1, 1]	Literal [3, 2, 2]	11823164
Snappy	Literal [1, 1]	Delta [3, 2, 2]	14625693
Snappy	Literal [1, 1]	Literal [3, 1, 3]	12015459
Snappy	Literal [1, 1]	Delta [3, 1, 3]	13521542
Snappy	Literal [1, 1]	Literal [2, 4, 1]	11565011
Snappy	Literal [1, 1]	Delta [2, 4, 1]	13743364
Snappy	Literal [1, 1]	Literal [2, 3, 2]	12494766
Snappy	Literal [1, 1]	Delta [2, 3, 2]	15160175
Snappy	Literal [1, 1]	Literal [2, 2, 3]	12092035
Snappy	Literal [1, 1]	Delta [2, 2, 3]	13630948
Snappy	Literal [1, 1]	Literal [2, 1, 4]	11920579
Snappy	Literal [1, 1]	Delta [2, 1, 4]	13967356
Snappy	Literal [1, 1]	Literal [1, 5, 1]	12329330
Snappy	Literal [1, 1]	Delta [1, 5, 1]	13784656
Snappy	Literal [1, 1]	Literal [1, 4, 2]	13232412
Snappy	Literal [1, 1]	Delta [1, 4, 2]	14788147
Snappy	Literal [1, 1]	Literal [1, 3, 3]	12076939
Snappy	Literal [1, 1]	Delta [1, 3, 3]	13312267
Snappy	Literal [1, 1]	Literal [1, 2, 4]	11920579
Snappy	Literal [1, 1]	Delta [1, 2, 4]	13970717
Snappy	Literal [1, 1]	Literal [1, 1, 5]	13238453
Snappy	Literal [1, 1]	Delta [1, 1, 5]	14350282
Snappy	Literal [1, 1]	Literal [6, 1]	12297011
Snappy	Literal [1, 1]	Delta [6, 1]	12747185
Snappy	Literal [1, 1]	Literal [5, 2]	13079210
Snappy	Literal [1, 1]	Delta [5, 2]	13715496
Snappy	Literal [1, 1]	Literal [4, 3]	13626495
Snappy	Literal [1, 1]	Delta [4, 3]	13384402
Snappy	Literal [1, 1]	Literal [3, 4]	11920579
Snappy	Literal [1, 1]	Delta [3, 4]	13026730
Snappy	Literal [1, 1]	Literal [2, 5]	13238453
Snappy	Literal [1, 1]	Delta [2, 5]	13978716
Snappy	Literal [1, 1]	Literal [1, 6]	13622928
Snappy	Literal [1, 1]	Delta [1, 6]	13708945
Snappy	Literal [1, 1]	Literal [7]	14212471
Snappy	Literal [1, 1]	Delta [7]	12798526
Snappy	Delta [1, 1]	Literal [1, 1, 1, 1, 1, 1, 1]	10621988
Snappy	Delta [1, 1]	Delta [1, 1, 1, 1, 1, 1, 1]	14265921
Snappy	Delta [1, 1]	Literal [2, 1, 1, 1, 1, 1]	10621988
Snappy	Delta [1, 1]	Delta [2, 1, 1, 1, 1, 1]	13897186
Snappy	Delta [1, 1]	Literal [1, 2, 1, 1, 1, 1]	10621988
Snappy	Delta [1, 1]	Delta [1, 2, 1, 1, 1, 1]	13899013
Snappy	Delta [1, 1]	Literal [1, 1, 2, 1, 1, 1]	10874666
Snappy	Delta [1, 1]	Delta [1, 1, 2, 1, 1, 1]	13527362
Snappy	Delta [1, 1]	Literal [1, 1, 1, 2, 1, 1]	10446179
Snappy	Delta [1, 1]	Delta [1, 1, 1, 2, 1, 1]	14510153
Snappy	Delta [1, 1]	Literal [1, 1, 1, 1, 2, 1]	10737445
Snappy	Delta [1, 1]	Delta [1, 1, 1, 1, 2, 1]	14146456
Snappy	Delta [1, 1]	Literal [1, 1, 1, 1, 1, 2]	12144621
Snappy	Delta [1, 1]	Delta [1, 1, 1, 1, 1, 2]	15727396
Snappy	Delta [1, 1]	Literal [3, 1, 1, 1, 1]	10621988
Snappy	Delta [1, 1]	Delta [3, 1, 1, 1, 1]	12953511
Snappy	Delta [1, 1]	Literal [2, 2, 1, 1, 1]	10874666
Snappy	Delta [1, 1]	Delta [2, 2, 1, 1, 1]	13154965
Snappy	Delta [1, 1]	Literal [2, 1, 2, 1, 1]	10446179
Snappy	Delta [1, 1]	Delta [2, 1, 2, 1, 1]	14141264
Snappy	Delta [1, 1]	Literal [2, 1, 1, 2, 1]	10737445
Snappy	Delta [1, 1]	Delta [2, 1, 1, 2, 1]	13777760
Snappy	Delta [1, 1]	Literal [2, 1, 1, 1, 2]	12144621
Snappy	Delta [1, 1]	Delta [2, 1, 1, 1, 2]	15358697
Snappy	Delta [1, 1]	Literal [1, 3, 1, 1, 1]	10866229
Snappy	Delta [1, 1]	Delta [1, 3, 1, 1, 1]	12842980
Snappy	Delta [1, 1]	Literal [1, 2, 2, 1, 1]	10446179
Snappy	Delta [1, 1]	Delta [1, 2, 2, 1, 1]	14139236
Snappy	Delta [1, 1]	Literal [1, 2, 1, 2, 1]	10737445
Snappy	Delta [1, 1]	Delta [1, 2, 1, 2, 1]	13779538
Snappy	Delta [1, 1]	Literal [1, 2, 1, 1, 2]	12144621
Snappy	Delta [1, 1]	Delta [1, 2, 1, 1, 2]	15361987
Snappy	Delta [1, 1]	Literal [1, 1, 3, 1, 1]	11090741
Snappy	Delta [1, 1]	Delta [1, 1, 3, 1, 1]	14155975
Snappy	Delta [1, 1]	Literal [1, 1, 2, 2, 1]	10961366
Snappy	Delta [1, 1]	Delta [1, 1, 2, 2, 1]	13369604
Snappy	Delta [1, 1]	Literal [1, 1, 2, 1, 2]	12208936
Snappy	Delta [1, 1]	Delta [1, 1, 2, 1, 2]	14807793
Snappy	Delta [1, 1]	Literal [1, 1, 1, 3, 1]	10998195
Snappy	Delta [1, 1]	Delta [1, 1, 1, 3, 1]	14276709
Snappy	Delta [1, 1]	Literal [1, 1, 1, 2, 2]	11818717
Snappy	Delta [1, 1]	Delta [1, 1, 1, 2, 2]	15932599
Snappy	Delta [1, 1]	Literal [1, 1, 1, 1, 3]	12011186
Snappy	Delta [1, 1]	Delta [1, 1, 1, 1, 3]	14836472
Snappy	Delta [1, 1]	Literal [4, 1, 1, 1]	12416431
Snappy	Delta [1, 1]	Delta [4, 1, 1, 1]	12913459
Snappy	Delta [1, 1]	Literal [3, 2, 1, 1]	10446179
Snappy	Delta [1, 1]	Delta [3, 2, 1, 1]	13195031
Snappy	Delta [1, 1]	Literal [3, 1, 2, 1]	10737445
Snappy	Delta [1, 1]	Delta [3, 1, 2, 1]	12834224
Snappy	Delta [1, 1]	Literal [3, 1, 1, 2]	12144621
Snappy	Delta [1, 1]	Delta [3, 1, 1, 2]	14410071
Snappy	Delta [1, 1]	Literal [2, 3, 1, 1]	11090741
Snappy	Delta [1, 1]	Delta [2, 3, 1, 1]	13784282
Snappy	Delta [1, 1]	Literal [2, 2, 2, 1]	10961366
Snappy	Delta [1, 1]	Delta [2, 2, 2, 1]	12997233
Snappy	Delta [1, 1]	Literal [2, 2, 1, 2]	12208936
Snappy	Delta [1, 1]	Delta [2, 2, 1, 2]	14435269
Snappy	Delta [1, 1]	Literal [2, 1, 3, 1]	10998195
Snappy	Delta [1, 1]	Delta [2, 1, 3, 1]	13907957
Snappy	Delta [1, 1]	Literal [2, 1, 2, 2]	11818717
Snappy	Delta [1, 1]	Delta [2, 1, 2, 2]	15563713
Snappy	Delta [1, 1]	Literal [2, 1, 1, 3]	12011186
Snappy	Delta [1, 1]	Delta [2, 1, 1, 3]	14467687
Snappy	Delta [1, 1]	Literal [1, 4, 1, 1]	11794059
Snappy	Delta [1, 1]	Delta [1, 4, 1, 1]	13482393
Snappy	Delta [1, 1]	Literal [1, 3, 2, 1]	10967186
Snappy	Delta [1, 1]	Delta [1, 3, 2, 1]	12695487
Snappy	Delta [1, 1]	Literal [1, 3, 1, 2]	12210156
Snappy	Delta [1, 1]	Delta [1, 3, 1, 2]	14119064
Snappy	Delta [1, 1]	Literal [1, 2, 3, 1]	10998195
Snappy	Delta [1, 1]	Delta [1, 2, 3, 1]	13909606
Snappy	Delta [1, 1]	Literal [1, 2, 2, 2]	11818717
Snappy	Delta [1, 1]	Delta [1, 2, 2, 2]	15564470
Snappy	Delta [1, 1]	Literal [1, 2, 1, 3]	12011186
Snappy	Delta [1, 1]	Delta [1, 2, 1, 3]	14467252
Snappy	Delta [1, 1]	Literal [1, 1, 4, 1]	11561130
Snappy	Delta [1, 1]	Delta [1, 1, 4, 1]	14109761
Snappy	Delta [1, 1]	Literal [1, 1, 3, 2]	12489969
Snappy	Delta [1, 1]	Delta [1, 1, 3, 2]	15527063
Snappy	Delta [1, 1]	Literal [1, 1, 2, 3]	12087448
Snappy	Delta [1, 1]	Delta [1, 1, 2, 3]	13998713
Snappy	Delta [1, 1]	Literal [1, 1, 1, 4]	11915975
Snappy	Delta [1, 1]	Delta [1, 1, 1, 4]	14331308
Snappy	Delta [1, 1]	Literal [5, 1, 1]	11776597
Snappy	Delta [1, 1]	Delta [5, 1, 1]	12481775
Snappy	Delta [1, 1]	Literal [4, 2, 1]	12512813
Snappy	Delta [1, 1]	Delta [4, 2, 1]	12762332
Snappy	Delta [1, 1]	Literal [4, 1, 2]	13758115
Snappy	Delta [1, 1]	Delta [4, 1, 2]	14187053
Snappy	Delta [1, 1]	Literal [3, 3, 1]	10998195
Snappy	Delta [1, 1]	Delta [3, 3, 1]	12966461
Snappy	Delta [1, 1]	Literal [3, 2, 2]	11818717
Snappy	Delta [1, 1]	Delta [3, 2, 2]	14620885
Snappy	Delta [1, 1]	Literal [3, 1, 3]	12011186
Snappy	Delta [1, 1]	Delta [3, 1, 3]	13516678
Snappy	Delta [1, 1]	Literal [2, 4, 1]	11561130
Snappy	Delta [1, 1]	Delta [2, 4, 1]	13738242
Snappy	Delta [1, 1]	Literal [2, 3, 2]	12489969
Snappy	Delta [1, 1]	Delta [2, 3, 2]	15155376
Snappy	Delta [1, 1]	Literal [2, 2, 3]	12087448
Snappy	Delta [1, 1]	Delta [2, 2, 3]	13626317
Snappy	Delta [1, 1]	Literal [2, 1, 4]	11915975
Snappy	Delta [1, 1]	Delta [2, 1, 4]	13962640
Snappy	Delta [1, 1]	Literal [1, 5, 1]	12325391
Snappy	Delta [1, 1]	Delta [1, 5, 1]	13780233
Snappy	Delta [1, 1]	Literal [1, 4, 2]	13227553
Snappy	Delta [1, 1]	Delta [1, 4, 2]	14783236
Snappy	Delta [1, 1]	Literal [1, 3, 3]	12072239
Snappy	Delta [1, 1]	Delta [1, 3, 3]	13307956
Snappy	Delta [1, 1]	Literal [1, 2, 4]	11915975
Snappy	Delta [1, 1]	Delta [1, 2, 4]	13965892
Snappy	Delta [1, 1]	Literal [1, 1, 5]	13233201
Snappy	Delta [1, 1]	Delta [1, 1, 5]	14344369
Snappy	Delta [1, 1]	Literal [6, 1]	12293739
Snappy	Delta [1, 1]	Delta [6, 1]	12742889
Snappy	Delta [1, 1]	Literal [5, 2]	13074876
Snappy	Delta [1, 1]	Delta [5, 2]	13710813
Snappy	Delta [1, 1]	Literal [4, 3]	13622329
Snappy	Delta [1, 1]	Delta [4, 3]	13380068
Snappy	Delta [1, 1]	Literal [3, 4]	11915975
Snappy	Delta [1, 1]	Delta [3, 4]	13021506
Snappy	Delta [1, 1]	Literal [2, 5]	13233201
Snappy	Delta [1, 1]	Delta [2, 5]	13972916
Snappy	Delta [1, 1]	Literal [1, 6]	13618360
Snappy	Delta [1, 1]	Delta [1, 6]	13704147
Snappy	Delta [1, 1]	Literal [7]	14209406
Snappy	Delta [1, 1]	Delta [7]	12794579
Snappy	Literal [2]	Literal [1, 1, 1, 1, 1, 1, 1]	10749411
Snappy	Literal [2]	Delta [1, 1, 1, 1, 1, 1, 1]	14394170
Snappy	Literal [2]	Literal [2, 1, 1, 1, 1, 1]	10749411
Snappy	Literal [2]	Delta [2, 1, 1, 1, 1, 1]	14025480
Snappy	Literal [2]	Literal [1, 2, 1, 1, 1, 1]	10749411
Snappy	Literal [2]	Delta [1, 2, 1, 1, 1, 1]	14027108
Snappy	Literal [2]	Literal [1, 1, 2, 1, 1, 1]	11001632
Snappy	Literal [2]	Delta [1, 1, 2, 1, 1, 1]	13655711
Snappy	Literal [2]	Literal [1, 1, 1, 2, 1, 1]	10573231
Snappy	Literal [2]	Delta [1, 1, 1, 2, 1, 1]	14638443
Snappy	Literal [2]	Literal [1, 1, 1, 1, 2, 1]	10864681
Snappy	Literal [2]	Delta [1, 1, 1, 1, 2, 1]	14274465
Snappy	Literal [2]	Literal [1, 1, 1, 1, 1, 2]	12271745
Snappy	Literal [2]	Delta [1, 1, 1, 1, 1, 2]	15854630
Snappy	Literal [2]	Literal [3, 1, 1, 1, 1]	10749411
Snappy	Literal [2]	Delta [3, 1, 1, 1, 1]	13082210
Snappy	Literal [2]	Literal [2, 2, 1, 1, 1]	11001632
Snappy	Literal [2]	Delta [2, 2, 1, 1, 1]	13283432
Snappy	Literal [2]	Literal [2, 1, 2, 1, 1]	10573231
Snappy	Literal [2]	Delta [2, 1, 2, 1, 1]	14269669
Snappy	Literal [2]	Literal [2, 1, 1, 2, 1]	10864681
Snappy	Literal [2]	Delta [2, 1, 1, 2, 1]	13905834
Snappy	Literal [2]	Literal [2, 1, 1, 1, 2]	12271745
Snappy	Literal [2]	Delta [2, 1, 1, 1, 2]	15485996
Snappy	Literal [2]	Literal [1, 3, 1, 1, 1]	10994095
Snappy	Literal [2]	Delta [1, 3, 1, 1, 1]	12971221
Snappy	Literal [2]	Literal [1, 2, 2, 1, 1]	10573231
Snappy	Literal [2]	Delta [1, 2, 2, 1, 1]	14267460
Snappy	Literal [2]	Literal [1, 2, 1, 2, 1]	10864681
Snappy	Literal [2]	Delta [1, 2, 1, 2, 1]	13907408
Snappy	Literal [2]	Literal [1, 2, 1, 1, 2]	12271745
Snappy	Literal [2]	Delta [1, 2, 1, 1, 2]	15489043
Snappy	Literal [2]	Literal [1, 1, 3, 1, 1]	11217836
Snappy	Literal [2]	Delta [1, 1, 3, 1, 1]	14284699
Snappy	Literal [2]	Literal [1, 1, 2, 2, 1]	11088727
Snappy	Literal [2]	Delta [1, 1, 2, 2, 1]	13497587
Snappy	Literal [2]	Literal [1, 1, 2, 1, 2]	12336324
Snappy	Literal [2]	Delta [1, 1, 2, 1, 2]	14935852
Snappy	Literal [2]	Literal [1, 1, 1, 3, 1]	11125294
Snappy	Literal [2]	Delta [1, 1, 1, 3, 1]	14404555
Snappy	Literal [2]	Literal [1, 1, 1, 2, 2]	11945866
Snappy	Literal [2]	Delta [1, 1, 1, 2, 2]	16059780
Snappy	Literal [2]	Literal [1, 1, 1, 1, 3]	12138215
Snappy	Literal [2]	Delta [1, 1, 1, 1, 3]	14963730
Snappy	Literal [2]	Literal [4, 1, 1, 1]	12543442
Snappy	Literal [2]	Delta [4, 1, 1, 1]	13041752
Snappy	Literal [2]	Literal [3, 2, 1, 1]	10573231
Snappy	Literal [2]	Delta [3, 2, 1, 1]	13323689
Snappy	Literal [2]	Literal [3, 1, 2, 1]	10864681
Snappy	Literal [2]	Delta [3, 1, 2, 1]	12962627
Snappy	Literal [2]	Literal [3, 1, 1, 2]	12271745
Snappy	Literal [2]	Delta [3, 1, 1, 2]	14537809
Snappy	Literal [2]	Literal [2, 3, 1, 1]	11217836
Snappy	Literal [2]	Delta [2, 3, 1, 1]	13912785
Snappy	Literal [2]	Literal [2, 2, 2, 1]	11088727
Snappy	Literal [2]	Delta [2, 2, 2, 1]	13125406
Snappy	Literal [2]	Literal [2, 2, 1, 2]	12336324
Snappy	Literal [2]	Delta [2, 2, 1, 2]	14563172
Snappy	Literal [2]	Literal [2, 1, 3, 1]	11125294
Snappy	Literal [2]	Delta [2, 1, 3, 1]	14035891
Snappy	Literal [2]	Literal [2, 1, 2, 2]	11945866
Snappy	Literal [2]	Delta [2, 1, 2, 2]	15691010
Snappy	Literal [2]	Literal [2, 1, 1, 3]	12138215
Snappy	Literal [2]	Delta [2, 1, 1, 3]	14595051
Snappy	Literal [2]	Literal [1, 4, 1, 1]	11921585
Snappy	Literal [2]	Delta [1, 4, 1, 1]	13611097
Snappy	Literal [2]	Literal [1, 3, 2, 1]	11094810
Snappy	Literal [2]	Delta [1, 3, 2, 1]	12823338
Snappy	Literal [2]	Literal [1, 3, 1, 2]	12337625
Snappy	Literal [2]	Delta [1, 3, 1, 2]	14246853
Snappy	Literal [2]	Literal [1, 2, 3, 1]	11125294
Snappy	Literal [2]	Delta [1, 2, 3, 1]	14037057
Snappy	Literal [2]	Literal [1, 2, 2, 2]	11945866
Snappy	Literal [2]	Delta [1, 2, 2, 2]	15691597
Snappy	Literal [2]	Literal [1, 2, 1, 3]	12138215
Snappy	Literal [2]	Delta [1, 2, 1, 3]	14594436
Snappy	Literal [2]	Literal [1, 1, 4, 1]	11688628
Snappy	Literal [2]	Delta [1, 1, 4, 1]	14237426
Snappy	Literal [2]	Literal [1, 1, 3, 2]	12617508
Snappy	Literal [2]	Delta [1, 1, 3, 2]	15654994
Snappy	Literal [2]	Literal [1, 1, 2, 3]	12214790
Snappy	Literal [2]	Delta [1, 1, 2, 3]	14125996
Snappy	Literal [2]	Literal [1, 1, 1, 4]	12043273
Snappy	Literal [2]	Delta [1, 1, 1, 4]	14458846
Snappy	Literal [2]	Literal [5, 1, 1]	11903626
Snappy	Literal [2]	Delta [5, 1, 1]	12610377
Snappy	Literal [2]	Literal [4, 2, 1]	12640060
Snappy	Literal [2]	Delta [4, 2, 1]	12890419
Snappy	Literal [2]	Literal [4, 1, 2]	13885060
Snappy	Literal [2]	Delta [4, 1, 2]	14314515
Snappy	Literal [2]	Literal [3, 3, 1]	11125294
Snappy	Literal [2]	Delta [3, 3, 1]	13094545
Snappy	Literal [2]	Literal [3, 2, 2]	11945866
Snappy	Literal [2]	Delta [3, 2, 2]	14748543
Snappy	Literal [2]	Literal [3, 1, 3]	12138215
Snappy	Literal [2]	Delta [3, 1, 3]	13644406
Snappy	Literal [2]	Literal [2, 4, 1]	11688628
Snappy	Literal [2]	Delta [2, 4, 1]	13866180
Snappy	Literal [2]	Literal [2, 3, 2]	12617508
Snappy	Literal [2]	Delta [2, 3, 2]	15282958
Snappy	Literal [2]	Literal [2, 2, 3]	12214790
Snappy	Literal [2]	Delta [2, 2, 3]	13753728
Snappy	Literal [2]	Literal [2, 1, 4]	12043273
Snappy	Literal [2]	Delta [2, 1, 4]	14090255
Snappy	Literal [2]	Literal [1, 5, 1]	12452517
Snappy	Literal [2]	Delta [1, 5, 1]	13907507
Snappy	Literal [2]	Literal [1, 4, 2]	13355160
Snappy	Literal [2]	Delta [1, 4, 2]	14910907
Snappy	Literal [2]	Literal [1, 3, 3]	12199713
Snappy	Literal [2]	Delta [1, 3, 3]	13434998
Snappy	Literal [2]	Literal [1, 2, 4]	12043273
Snappy	Literal [2]	Delta [1, 2, 4]	14093469
Snappy	Literal [2]	Literal [1, 1, 5]	13361215
Snappy	Literal [2]	Delta [1, 1, 5]	14473029
Snappy	Literal [2]	Literal [6, 1]	12420130
Snappy	Literal [2]	Delta [6, 1]	12869964
Snappy	Literal [2]	Literal [5, 2]	13201889
Snappy	Literal [2]	Delta [5, 2]	13838423
Snappy	Literal [2]	Literal [4, 3]	13749277
Snappy	Literal [2]	Delta [4, 3]	13507289
Snappy	Literal [2]	Literal [3, 4]	12043273
Snappy	Literal [2]	Delta [3, 4]	13149584
Snappy	Literal [2]	Literal [2, 5]	13361215
Snappy	Literal [2]	Delta [2, 5]	14101582
Snappy	Literal [2]	Literal [1, 6]	13745680
Snappy	Literal [2]	Delta [1, 6]	13831718
Snappy	Literal [2]	Literal [7]	14335217
Snappy	Literal [2]	Delta [7]	12921293
Snappy	Delta [2]	Literal [1, 1, 1, 1, 1, 1, 1]	10745309
Snappy	Delta [2]	Delta [1, 1, 1, 1, 1, 1, 1]	14388396
Snappy	Delta [2]	Literal [2, 1, 1, 1, 1, 1]	10745309
Snappy	Delta [2]	Delta [2, 1, 1, 1, 1, 1]	14019588
Snappy	Delta [2]	Literal [1, 2, 1, 1, 1, 1]	10745309
Snappy	Delta [2]	Delta [1, 2, 1, 1, 1, 1]	14021497
Snappy	Delta [2]	Literal [1, 1, 2, 1, 1, 1]	10997725
Snappy	Delta [2]	Delta [1, 1, 2, 1, 1, 1]	13649983
Snappy	Delta [2]	Literal [1, 1, 1, 2, 1, 1]	10568996
Snappy	Delta [2]	Delta [1, 1, 1, 2, 1, 1]	14632693
Snappy	Delta [2]	Literal [1, 1, 1, 1, 2, 1]	10860793
Snappy	Delta [2]	Delta [1, 1, 1, 1, 2, 1]	14269084
Snappy	Delta [2]	Literal [1, 1, 1, 1, 1, 2]	12267501
Snappy	Delta [2]	Delta [1, 1, 1, 1, 1, 2]	15849820
Snappy	Delta [2]	Literal [3, 1, 1, 1, 1]	10745309
Snappy	Delta [2]	Delta [3, 1, 1, 1, 1]	13076047
Snappy	Delta [2]	Literal [2, 2, 1, 1, 1]	10997725
Snappy	Delta [2]	Delta [2, 2, 1, 1, 1]	13277508
Snappy	Delta [2]	Literal [2, 1, 2, 1, 1]	10568996
Snappy	Delta [2]	Delta [2, 1, 2, 1, 1]	14263743
Snappy	Delta [2]	Literal [2, 1, 1, 2, 1]	10860793
Snappy	Delta [2]	Delta [2, 1, 1, 2, 1]	13900306
Snappy	Delta [2]	Literal [2, 1, 1, 1, 2]	12267501
Snappy	Delta [2]	Delta [2, 1, 1, 1, 2]	15481040
Snappy	Delta [2]	Literal [1, 3, 1, 1, 1]	10989314
Snappy	Delta [2]	Delta [1, 3, 1, 1, 1]	12965625
Snappy	Delta [2]	Literal [1, 2, 2, 1, 1]	10568996
Snappy	Delta [2]	Delta [1, 2, 2, 1, 1]	14261866
Snappy	Delta [2]	Literal [1, 2, 1, 2, 1]	10860793
Snappy	Delta [2]	Delta [1, 2, 1, 2, 1]	13902163
Snappy	Delta [2]	Literal [1, 2, 1, 1, 2]	12267501
Snappy	Delta [2]	Delta [1, 2, 1, 1, 2]	15484418
Snappy	Delta [2]	Literal [1, 1, 3, 1, 1]	11213542
Snappy	Delta [2]	Delta [1, 1, 3, 1, 1]	14278570
Snappy	Delta [2]	Literal [1, 1, 2, 2, 1]	11084454
Snappy	Delta [2]	Delta [1, 1, 2, 2, 1]	13492225
Snappy	Delta [2]	Literal [1, 1, 2, 1, 2]	12331789
Snappy	Delta [2]	Delta [1, 1, 2, 1, 2]	14930220
Snappy	Delta [2]	Literal [1, 1, 1, 3, 1]	11121057
Snappy	Delta [2]	Delta [1, 1, 1, 3, 1]	14399355
Snappy	Delta [2]	Literal [1, 1, 1, 2, 2]	11941542
Snappy	Delta [2]	Delta [1, 1, 1, 2, 2]	16055058
Snappy	Delta [2]	Literal [1, 1, 1, 1, 3]	12134214
Snappy	Delta [2]	Delta [1, 1, 1, 1, 3]	14958887
Snappy	Delta [2]	Literal [4, 1, 1, 1]	12539482
Snappy	Delta [2]	Delta [4, 1, 1, 1]	13035964
Snappy	Delta [2]	Literal [3, 2, 1, 1]	10568996
Snappy	Delta [2]	Delta [3, 2, 1, 1]	13317555
Snappy	Delta [2]	Literal [3, 1, 2, 1]	10860793
Snappy	Delta [2]	Delta [3, 1, 2, 1]	12956881
Snappy	Delta [2]	Literal [3, 1, 1, 2]	12267501
Snappy	Delta [2]	Delta [3, 1, 1, 2]	14532539
Snappy	Delta [2]	Literal [2, 3, 1, 1]	11213542
Snappy	Delta [2]	Delta [2, 3, 1, 1]	13906761
Snappy	Delta [2]	Literal [2, 2, 2, 1]	11084454
Snappy	Delta [2]	Delta [2, 2, 2, 1]	13119775
Snappy	Delta [2]	Literal [2, 2, 1, 2]	12331789
Snappy	Delta [2]	Delta [2, 2, 1, 2]	14557633
Snappy	Delta [2]	Literal [2, 1, 3, 1]	11121057
Snappy	Delta [2]	Delta [2, 1, 3, 1]	14030516
Snappy	Delta [2]	Literal [2, 1, 2, 2]	11941542
Snappy	Delta [2]	Delta [2, 1, 2, 2]	15686093
Snappy	Delta [2]	Literal [2, 1, 1, 3]	12134214
Snappy	Delta [2]	Delta [2, 1, 1, 3]	14590008
Snappy	Delta [2]	Literal [1, 4, 1, 1]	11916925
Snappy	Delta [2]	Delta [1, 4, 1, 1]	13604865
Snappy	Delta [2]	Literal [1, 3, 2, 1]	11090501
Snappy	Delta [2]	Delta [1, 3, 2, 1]	12818127
Snappy	Delta [2]	Literal [1, 3, 1, 2]	12333015
Snappy	Delta [2]	Delta [1, 3, 1, 2]	14241501
Snappy	Delta [2]	Literal [1, 2, 3, 1]	11121057
Snappy	Delta [2]	Delta [1, 2, 3, 1]	14032129
Snappy	Delta [2]	Literal [1, 2, 2, 2]	11941542
Snappy	Delta [2]	Delta [1, 2, 2, 2]	15686918
Snappy	Delta [2]	Literal [1, 2, 1, 3]	12134214
Snappy	Delta [2]	Delta [1, 2, 1, 3]	14589639
Snappy	Delta [2]	Literal [1, 1, 4, 1]	11683877
Snappy	Delta [2]	Delta [1, 1, 4, 1]	14232008
Snappy	Delta [2]	Literal [1, 1, 3, 2]	12612739
Snappy	Delta [2]	Delta [1, 1, 3, 2]	15649535
Snappy	Delta [2]	Literal [1, 1, 2, 3]	12210350
Snappy	Delta [2]	Delta [1, 1, 2, 3]	14121112
Snappy	Delta [2]	Literal [1, 1, 1, 4]	12038867
Snappy	Delta [2]	Delta [1, 1, 1, 4]	14453740
Snappy	Delta [2]	Literal [5, 1, 1]	11898773
Snappy	Delta [2]	Delta [5, 1, 1]	12603809
Snappy	Delta [2]	Literal [4, 2, 1]	12635945
Snappy	Delta [2]	Delta [4, 2, 1]	12884879
Snappy	Delta [2]	Literal [4, 1, 2]	13880852
Snappy	Delta [2]	Delta [4, 1, 2]	14309389
Snappy	Delta [2]	Literal [3, 3, 1]	11121057
Snappy	Delta [2]	Delta [3, 3, 1]	13088925
Snappy	Delta [2]	Literal [3, 2, 2]	11941542
Snappy	Delta [2]	Delta [3, 2, 2]	14743367
Snappy	Delta [2]	Literal [3, 1, 3]	12134214
Snappy	Delta [2]	Delta [3, 1, 3]	13639120
Snappy	Delta [2]	Literal [2, 4, 1]	11683877
Snappy	Delta [2]	Delta [2, 4, 1]	13860629
Snappy	Delta [2]	Literal [2, 3, 2]	12612739
Snappy	Delta [2]	Delta [2, 3, 2]	15277691
Snappy	Delta [2]	Literal [2, 2, 3]	12210350
Snappy	Delta [2]	Delta [2, 2, 3]	13748616
Snappy	Delta [2]	Literal [2, 1, 4]	12038867
Snappy	Delta [2]	Delta [2, 1, 4]	14084977
Snappy	Delta [2]	Literal [1, 5, 1]	12448361
Snappy	Delta [2]	Delta [1, 5, 1]	13902758
Snappy	Delta [2]	Literal [1, 4, 2]	13350299
Snappy	Delta [2]	Delta [1, 4, 2]	14905625
Snappy	Delta [2]	Literal [1, 3, 3]	12195165
Snappy	Delta [2]	Delta [1, 3, 3]	13430341
Snappy	Delta [2]	Literal [1, 2, 4]	12038867
Snappy	Delta [2]	Delta [1, 2, 4]	14088361
Snappy	Delta [2]	Literal [1, 1, 5]	13356131
Snappy	Delta [2]	Delta [1, 1, 5]	14466710
Snappy	Delta [2]	Literal [6, 1]	12415836
Snappy	Delta [2]	Delta [6, 1]	12865079
Snappy	Delta [2]	Literal [5, 2]	13196921
Snappy	Delta [2]	Delta [5, 2]	13832792
Snappy	Delta [2]	Literal [4, 3]	13745180
Snappy	Delta [2]	Delta [4, 3]	13502363
Snappy	Delta [2]	Literal [3, 4]	12038867
Snappy	Delta [2]	Delta [3, 4]	13143817
Snappy	Delta [2]	Literal [2, 5]	13356131
Snappy	Delta [2]	Delta [2, 5]	14095281
Snappy	Delta [2]	Literal [1, 6]	13740877
Snappy	Delta [2]	Delta [1, 6]	13826172
Snappy	Delta [2]	Literal [7]	14329828
Snappy	Delta [2]	Delta [7]	12915397
BZ2	Literal [1, 1]	Literal [1, 1, 1, 1, 1, 1, 1]	7994214
BZ2	Literal [1, 1]	Delta [1, 1, 1, 1, 1, 1, 1]	8731740
BZ2	Literal [1, 1]	Literal [2, 1, 1, 1, 1, 1]	7994214
BZ2	Literal [1, 1]	Delta [2, 1, 1, 1, 1, 1]	9007066
BZ2	Literal [1, 1]	Literal [1, 2, 1, 1, 1, 1]	7994214
BZ2	Literal [1, 1]	Delta [1, 2, 1, 1, 1, 1]	9006533
BZ2	Literal [1, 1]	Literal [1, 1, 2, 1, 1, 1]	7943308
BZ2	Literal [1, 1]	Delta [1, 1, 2, 1, 1, 1]	8797586
BZ2	Literal [1, 1]	Literal [1, 1, 1, 2, 1, 1]	7623132
BZ2	Literal [1, 1]	Delta [1, 1, 1, 2, 1, 1]	8903032
BZ2	Literal [1, 1]	Literal [1, 1, 1, 1, 2, 1]	7277232
BZ2	Literal [1, 1]	Delta [1, 1, 1, 1, 2, 1]	7923696
BZ2	Literal [1, 1]	Literal [1, 1, 1, 1, 1, 2]	8571523
BZ2	Literal [1, 1]	Delta [1, 1, 1, 1, 1, 2]	8952275
BZ2	Literal [1, 1]	Literal [3, 1, 1, 1, 1]	7994214
BZ2	Literal [1, 1]	Delta [3, 1, 1, 1, 1]	8443522
BZ2	Literal [1, 1]	Literal [2, 2, 1, 1, 1]	7943308
BZ2	Literal [1, 1]	Delta [2, 2, 1, 1, 1]	8490130
BZ2	Literal [1, 1]	Literal [2, 1, 2, 1, 1]	7623132
BZ2	Literal [1, 1]	Delta [2, 1, 2, 1, 1]	9053233
BZ2	Literal [1, 1]	Literal [2, 1, 1, 2, 1]	7277232
BZ2	Literal [1, 1]	Delta [2, 1, 1, 2, 1]	8193809
BZ2	Literal [1, 1]	Literal [2, 1, 1, 1, 2]	8571523
BZ2	Literal [1, 1]	Delta [2, 1, 1, 1, 2]	9242199
BZ2	Literal [1, 1]	Literal [1, 3, 1, 1, 1]	7991447
BZ2	Literal [1, 1]	Delta [1, 3, 1, 1, 1]	8534571
BZ2	Literal [1, 1]	Literal [1, 2, 2, 1, 1]	7623132
BZ2	Literal [1, 1]	Delta [1, 2, 2, 1, 1]	9054187
BZ2	Literal [1, 1]	Literal [1, 2, 1, 2, 1]	7277232
BZ2	Literal [1, 1]	Delta [1, 2, 1, 2, 1]	8194617
BZ2	Literal [1, 1]	Literal [1, 2, 1, 1, 2]	8571523
BZ2	Literal [1, 1]	Delta [1, 2, 1, 1, 2]	9242251
BZ2	Literal [1, 1]	Literal [1, 1, 3, 1, 1]	7487041
BZ2	Literal [1, 1]	Delta [1, 1, 3, 1, 1]	8718485
BZ2	Literal [1, 1]	Literal [1, 1, 2, 2, 1]	7240606
BZ2	Literal [1, 1]	Delta [1, 1, 2, 2, 1]	7898695
BZ2	Literal [1, 1]	Literal [1, 1, 2, 1, 2]	8542453
BZ2	Literal [1, 1]	Delta [1, 1, 2, 1, 2]	9022356
BZ2	Literal [1, 1]	Literal [1, 1, 1, 3, 1]	6721413
BZ2	Literal [1, 1]	Delta [1, 1, 1, 3, 1]	7708588
BZ2	Literal [1, 1]	Literal [1, 1, 1, 2, 2]	7768526
BZ2	Literal [1, 1]	Delta [1, 1, 1, 2, 2]	8638221
BZ2	Literal [1, 1]	Literal [1, 1, 1, 1, 3]	7814598
BZ2	Literal [1, 1]	Delta [1, 1, 1, 1, 3]	7921698
BZ2	Literal [1, 1]	Literal [4, 1, 1, 1]	7987058
BZ2	Literal [1, 1]	Delta [4, 1, 1, 1]	7961836
BZ2	Literal [1, 1]	Literal [3, 2, 1, 1]	7623132
BZ2	Literal [1, 1]	Delta [3, 2, 1, 1]	8431410
BZ2	Literal [1, 1]	Literal [3, 1, 2, 1]	7277232
BZ2	Literal [1, 1]	Delta [3, 1, 2, 1]	7608441
BZ2	Literal [1, 1]	Literal [3, 1, 1, 2]	8571523
BZ2	Literal [1, 1]	Delta [3, 1, 1, 2]	8672231
BZ2	Literal [1, 1]	Literal [2, 3, 1, 1]	7487041
BZ2	Literal [1, 1]	Delta [2, 3, 1, 1]	8505607
BZ2	Literal [1, 1]	Literal [2, 2, 2, 1]	7240606
BZ2	Literal [1, 1]	Delta [2, 2, 2, 1]	7539365
BZ2	Literal [1, 1]	Literal [2, 2, 1, 2]	8542453
BZ2	Literal [1, 1]	Delta [2, 2, 1, 2]	8701883
BZ2	Literal [1, 1]	Literal [2, 1, 3, 1]	6721413
BZ2	Literal [1, 1]	Delta [2, 1, 3, 1]	7925805
BZ2	Literal [1, 1]	Literal [2, 1, 2, 2]	7768526
BZ2	Literal [1, 1]	Delta [2, 1, 2, 2]	8783167
BZ2	Literal [1, 1]	Literal [2, 1, 1, 3]	7814598
BZ2	Literal [1, 1]	Delta [2, 1, 1, 3]	8206735
BZ2	Literal [1, 1]	Literal [1, 4, 1, 1]	7505479
BZ2	Literal [1, 1]	Delta [1, 4, 1, 1]	8443243
BZ2	Literal [1, 1]	Literal [1, 3, 2, 1]	7270910
BZ2	Literal [1, 1]	Delta [1, 3, 2, 1]	7653626
BZ2	Literal [1, 1]	Literal [1, 3, 1, 2]	8580871
BZ2	Literal [1, 1]	Delta [1, 3, 1, 2]	8720861
BZ2	Literal [1, 1]	Literal [1, 2, 3, 1]	6721413
BZ2	Literal [1, 1]	Delta [1, 2, 3, 1]	7925689
BZ2	Literal [1, 1]	Literal [1, 2, 2, 2]	7768526
BZ2	Literal [1, 1]	Delta [1, 2, 2, 2]	8782942
BZ2	Literal [1, 1]	Literal [1, 2, 1, 3]	7814598
BZ2	Literal [1, 1]	Delta [1, 2, 1, 3]	8205904
BZ2	Literal [1, 1]	Literal [1, 1, 4, 1]	6534248
BZ2	Literal [1, 1]	Delta [1, 1, 4, 1]	7430945
BZ2	Literal [1, 1]	Literal [1, 1, 3, 2]	7782044
BZ2	Literal [1, 1]	Delta [1, 1, 3, 2]	8579951
BZ2	Literal [1, 1]	Literal [1, 1, 2, 3]	7800877
BZ2	Literal [1, 1]	Delta [1, 1, 2, 3]	7951863
BZ2	Literal [1, 1]	Literal [1, 1, 1, 4]	7034674
BZ2	Literal [1, 1]	Delta [1, 1, 1, 4]	7574333
BZ2	Literal [1, 1]	Literal [5, 1, 1]	7502333
BZ2	Literal [1, 1]	Delta [5, 1, 1]	7835227
BZ2	Literal [1, 1]	Literal [4, 2, 1]	7270559
BZ2	Literal [1, 1]	Delta [4, 2, 1]	7033441
BZ2	Literal [1, 1]	Literal [4, 1, 2]	8573899
BZ2	Literal [1, 1]	Delta [4, 1, 2]	8136365
BZ2	Literal [1, 1]	Literal [3, 3, 1]	6721413
BZ2	Literal [1, 1]	Delta [3, 3, 1]	7247665
BZ2	Literal [1, 1]	Literal [3, 2, 2]	7768526
BZ2	Literal [1, 1]	Delta [3, 2, 2]	8143724
BZ2	Literal [1, 1]	Literal [3, 1, 3]	7814598
BZ2	Literal [1, 1]	Delta [3, 1, 3]	7606466
BZ2	Literal [1, 1]	Literal [2, 4, 1]	6534248
BZ2	Literal [1, 1]	Delta [2, 4, 1]	7218017
BZ2	Literal [1, 1]	Literal [2, 3, 2]	7782044
BZ2	Literal [1, 1]	Delta [2, 3, 2]	8339738
BZ2	Literal [1, 1]	Literal [2, 2, 3]	7800877
BZ2	Literal [1, 1]	Delta [2, 2, 3]	7572642
BZ2	Literal [1, 1]	Literal [2, 1, 4]	7034674
BZ2	Literal [1, 1]	Delta [2, 1, 4]	7783837
BZ2	Literal [1, 1]	Literal [1, 5, 1]	6519997
BZ2	Literal [1, 1]	Delta [1, 5, 1]	7140709
BZ2	Literal [1, 1]	Literal [1, 4, 2]	7777445
BZ2	Literal [1, 1]	Delta [1, 4, 2]	8211037
BZ2	Literal [1, 1]	Literal [1, 3, 3]	7861333
BZ2	Literal [1, 1]	Delta [1, 3, 3]	7674820
BZ2	Literal [1, 1]	Literal [1, 2, 4]	7034674
BZ2	Literal [1, 1]	Delta [1, 2, 4]	7784417
BZ2	Literal [1, 1]	Literal [1, 1, 5]	6988197
BZ2	Literal [1, 1]	Delta [1, 1, 5]	7387486
BZ2	Literal [1, 1]	Literal [6, 1]	6495900
BZ2	Literal [1, 1]	Delta [6, 1]	6543445
BZ2	Literal [1, 1]	Literal [5, 2]	7771351
BZ2	Literal [1, 1]	Delta [5, 2]	7640710
BZ2	Literal [1, 1]	Literal [4, 3]	7849183
BZ2	Literal [1, 1]	Delta [4, 3]	7007137
BZ2	Literal [1, 1]	Literal [3, 4]	7034674
BZ2	Literal [1, 1]	Delta [3, 4]	7101649
BZ2	Literal [1, 1]	Literal [2, 5]	6988197
BZ2	Literal [1, 1]	Delta [2, 5]	7158008
BZ2	Literal [1, 1]	Literal [1, 6]	6977139
BZ2	Literal [1, 1]	Delta [1, 6]	7092064
BZ2	Literal [1, 1]	Literal [7]	6982908
BZ2	Literal [1, 1]	Delta [7]	6507275
BZ2	Delta [1, 1]	Literal [1, 1, 1, 1, 1, 1, 1]	7991882
BZ2	Delta [1, 1]	Delta [1, 1, 1, 1, 1, 1, 1]	8711375
BZ2	Delta [1, 1]	Literal [2, 1, 1, 1, 1, 1]	7991882
BZ2	Delta [1, 1]	Delta [2, 1, 1, 1, 1, 1]	8988384
BZ2	Delta [1, 1]	Literal [1, 2, 1, 1, 1, 1]	7991882
BZ2	Delta [1, 1]	Delta [1, 2, 1, 1, 1, 1]	8988404
BZ2	Delta [1, 1]	Literal [1, 1, 2, 1, 1, 1]	7941165
BZ2	Delta [1, 1]	Delta [1, 1, 2, 1, 1, 1]	8778871
BZ2	Delta [1, 1]	Literal [1, 1, 1, 2, 1, 1]	7621327
BZ2	Delta [1, 1]	Delta [1, 1, 1, 2, 1, 1]	8880954
BZ2	Delta [1, 1]	Literal [1, 1, 1, 1, 2, 1]	7269319
BZ2	Delta [1, 1]	Delta [1, 1, 1, 1, 2, 1]	7900002
BZ2	Delta [1, 1]	Literal [1, 1, 1, 1, 1, 2]	8545249
BZ2	Delta [1, 1]	Delta [1, 1, 1, 1, 1, 2]	8934357
BZ2	Delta [1, 1]	Literal [3, 1, 1, 1, 1]	7991882
BZ2	Delta [1, 1]	Delta [3, 1, 1, 1, 1]	8423873
BZ2	Delta [1, 1]	Literal [2, 2, 1, 1, 1]	7941165
BZ2	Delta [1, 1]	Delta [2, 2, 1, 1, 1]	8471490
BZ2	Delta [1, 1]	Literal [2, 1, 2, 1, 1]	7621327
BZ2	Delta [1, 1]	Delta [2, 1, 2, 1, 1]	9032484
BZ2	Delta [1, 1]	Literal [2, 1, 1, 2, 1]	7269319
BZ2	Delta [1, 1]	Delta [2, 1, 1, 2, 1]	8173141
BZ2	Delta [1, 1]	Literal [2, 1, 1, 1, 2]	8545249
BZ2	Delta [1, 1]	Delta [2, 1, 1, 1, 2]	9228450
BZ2	Delta [1, 1]	Literal [1, 3, 1, 1, 1]	7987967
BZ2	Delta [1, 1]	Delta [1, 3, 1, 1, 1]	8515130
BZ2	Delta [1, 1]	Literal [1, 2, 2, 1, 1]	7621327
BZ2	Delta [1, 1]	Delta [1, 2, 2, 1, 1]	9032453
BZ2	Delta [1, 1]	Literal [1, 2, 1, 2, 1]	7269319
BZ2	Delta [1, 1]	Delta [1, 2, 1, 2, 1]	8172933
BZ2	Delta [1, 1]	Literal [1, 2, 1, 1, 2]	8545249
BZ2	Delta [1, 1]	Delta [1, 2, 1, 1, 2]	9229276
BZ2	Delta [1, 1]	Literal [1, 1, 3, 1, 1]	7489386
BZ2	Delta [1, 1]	Delta [1, 1, 3, 1, 1]	8702784
BZ2	Delta [1, 1]	Literal [1, 1, 2, 2, 1]	7232783
BZ2	Delta [1, 1]	Delta [1, 1, 2, 2, 1]	7875079
BZ2	Delta [1, 1]	Literal [1, 1, 2, 1, 2]	8513397
BZ2	Delta [1, 1]	Delta [1, 1, 2, 1, 2]	9008663
BZ2	Delta [1, 1]	Literal [1, 1, 1, 3, 1]	6714530
BZ2	Delta [1, 1]	Delta [1, 1, 1, 3, 1]	7682091
BZ2	Delta [1, 1]	Literal [1, 1, 1, 2, 2]	7745012
BZ2	Delta [1, 1]	Delta [1, 1, 1, 2, 2]	8623274
BZ2	Delta [1, 1]	Literal [1, 1, 1, 1, 3]	7779706
BZ2	Delta [1, 1]	Delta [1, 1, 1, 1, 3]	7911402
BZ2	Delta [1, 1]	Literal [4, 1, 1, 1]	7987317
BZ2	Delta [1, 1]	Delta [4, 1, 1, 1]	7944474
BZ2	Delta [1, 1]	Literal [3, 2, 1, 1]	7621327
BZ2	Delta [1, 1]	Delta [3, 2, 1, 1]	8416743
BZ2	Delta [1, 1]	Literal [3, 1, 2, 1]	7269319
BZ2	Delta [1, 1]	Delta [3, 1, 2, 1]	7586678
BZ2	Delta [1, 1]	Literal [3, 1, 1, 2]	8545249
BZ2	Delta [1, 1]	Delta [3, 1, 1, 2]	8657321
BZ2	Delta [1, 1]	Literal [2, 3, 1, 1]	7489386
BZ2	Delta [1, 1]	Delta [2, 3, 1, 1]	8488763
BZ2	Delta [1, 1]	Literal [2, 2, 2, 1]	7232783
BZ2	Delta [1, 1]	Delta [2, 2, 2, 1]	7516922
BZ2	Delta [1, 1]	Literal [2, 2, 1, 2]	8513397
BZ2	Delta [1, 1]	Delta [2, 2, 1, 2]	8689621
BZ2	Delta [1, 1]	Literal [2, 1, 3, 1]	6714530
BZ2	Delta [1, 1]	Delta [2, 1, 3, 1]	7901722
BZ2	Delta [1, 1]	Literal [2, 1, 2, 2]	7745012
BZ2	Delta [1, 1]	Delta [2, 1, 2, 2]	8768331
BZ2	Delta [1, 1]	Literal [2, 1, 1, 3]	7779706
BZ2	Delta [1, 1]	Delta [2, 1, 1, 3]	8197543
BZ2	Delta [1, 1]	Literal [1, 4, 1, 1]	7507777
BZ2	Delta [1, 1]	Delta [1, 4, 1, 1]	8421907
BZ2	Delta [1, 1]	Literal [1, 3, 2, 1]	7264122
BZ2	Delta [1, 1]	Delta [1, 3, 2, 1]	7629220
BZ2	Delta [1, 1]	Literal [1, 3, 1, 2]	8552933
BZ2	Delta [1, 1]	Delta [1, 3, 1, 2]	8704140
BZ2	Delta [1, 1]	Literal [1, 2, 3, 1]	6714530
BZ2	Delta [1, 1]	Delta [1, 2, 3, 1]	7901276
BZ2	Delta [1, 1]	Literal [1, 2, 2, 2]	7745012
BZ2	Delta [1, 1]	Delta [1, 2, 2, 2]	8768414
BZ2	Delta [1, 1]	Literal [1, 2, 1, 3]	7779706
BZ2	Delta [1, 1]	Delta [1, 2, 1, 3]	8198186
BZ2	Delta [1, 1]	Literal [1, 1, 4, 1]	6536418
BZ2	Delta [1, 1]	Delta [1, 1, 4, 1]	7409091
BZ2	Delta [1, 1]	Literal [1, 1, 3, 2]	7763250
BZ2	Delta [1, 1]	Delta [1, 1, 3, 2]	8570856
BZ2	Delta [1, 1]	Literal [1, 1, 2, 3]	7765839
BZ2	Delta [1, 1]	Delta [1, 1, 2, 3]	7944510
BZ2	Delta [1, 1]	Literal [1, 1, 1, 4]	7000070
BZ2	Delta [1, 1]	Delta [1, 1, 1, 4]	7558689
BZ2	Delta [1, 1]	Literal [5, 1, 1]	7510257
BZ2	Delta [1, 1]	Delta [5, 1, 1]	7816163
BZ2	Delta [1, 1]	Literal [4, 2, 1]	7266489
BZ2	Delta [1, 1]	Delta [4, 2, 1]	7011426
BZ2	Delta [1, 1]	Literal [4, 1, 2]	8550888
BZ2	Delta [1, 1]	Delta [4, 1, 2]	8123160
BZ2	Delta [1, 1]	Literal [3, 3, 1]	6714530
BZ2	Delta [1, 1]	Delta [3, 3, 1]	7224389
BZ2	Delta [1, 1]	Literal [3, 2, 2]	7745012
BZ2	Delta [1, 1]	Delta [3, 2, 2]	8132684
BZ2	Delta [1, 1]	Literal [3, 1, 3]	7779706
BZ2	Delta [1, 1]	Delta [3, 1, 3]	7593768
BZ2	Delta [1, 1]	Literal [2, 4, 1]	6536418
BZ2	Delta [1, 1]	Delta [2, 4, 1]	7197284
BZ2	Delta [1, 1]	Literal [2, 3, 2]	7763250
BZ2	Delta [1, 1]	Delta [2, 3, 2]	8332318
BZ2	Delta [1, 1]	Literal [2, 2, 3]	7765839
BZ2	Delta [1, 1]	Delta [2, 2, 3]	7563897
BZ2	Delta [1, 1]	Literal [2, 1, 4]	7000070
BZ2	Delta [1, 1]	Delta [2, 1, 4]	7769774
BZ2	Delta [1, 1]	Literal [1, 5, 1]	6524339
BZ2	Delta [1, 1]	Delta [1, 5, 1]	7114616
BZ2	Delta [1, 1]	Literal [1, 4, 2]	7761208
BZ2	Delta [1, 1]	Delta [1, 4, 2]	8197406
BZ2	Delta [1, 1]	Literal [1, 3, 3]	7822543
BZ2	Delta [1, 1]	Delta [1, 3, 3]	7659545
BZ2	Delta [1, 1]	Literal [1, 2, 4]	7000070
BZ2	Delta [1, 1]	Delta [1, 2, 4]	7769936
BZ2	Delta [1, 1]	Literal [1, 1, 5]	6963911
BZ2	Delta [1, 1]	Delta [1, 1, 5]	7374690
BZ2	Delta [1, 1]	Literal [6, 1]	6507294
BZ2	Delta [1, 1]	Delta [6, 1]	6520212
BZ2	Delta [1, 1]	Literal [5, 2]	7763375
BZ2	Delta [1, 1]	Delta [5, 2]	7630869
BZ2	Delta [1, 1]	Literal [4, 3]	7817723
BZ2	Delta [1, 1]	Delta [4, 3]	6999239
BZ2	Delta [1, 1]	Literal [3, 4]	7000070
BZ2	Delta [1, 1]	Delta [3, 4]	7090512
BZ2	Delta [1, 1]	Literal [2, 5]	6963911
BZ2	Delta [1, 1]	Delta [2, 5]	7147326
BZ2	Delta [1, 1]	Literal [1, 6]	6954566
BZ2	Delta [1, 1]	Delta [1, 6]	7077816
BZ2	Delta [1, 1]	Literal [7]	6963687
BZ2	Delta [1, 1]	Delta [7]	6491738
BZ2	Literal [2]	Literal [1, 1, 1, 1, 1, 1, 1]	7982531
BZ2	Literal [2]	Delta [1, 1, 1, 1, 1, 1, 1]	8698695
BZ2	Literal [2]	Literal [2, 1, 1, 1, 1, 1]	7982531
BZ2	Literal [2]	Delta [2, 1, 1, 1, 1, 1]	8976725
BZ2	Literal [2]	Literal [1, 2, 1, 1, 1, 1]	7982531
BZ2	Literal [2]	Delta [1, 2, 1, 1, 1, 1]	8976434
BZ2	Literal [2]	Literal [1, 1, 2, 1, 1, 1]	7927723
BZ2	Literal [2]	Delta [1, 1, 2, 1, 1, 1]	8762717
BZ2	Literal [2]	Literal [1, 1, 1, 2, 1, 1]	7605714
BZ2	Literal [2]	Delta [1, 1, 1, 2, 1, 1]	8866130
BZ2	Literal [2]	Literal [1, 1, 1, 1, 2, 1]	7260966
BZ2	Literal [2]	Delta [1, 1, 1, 1, 2, 1]	7889010
BZ2	Literal [2]	Literal [1, 1, 1, 1, 1, 2]	8547608
BZ2	Literal [2]	Delta [1, 1, 1, 1, 1, 2]	8910772
BZ2	Literal [2]	Literal [3, 1, 1, 1, 1]	7982531
BZ2	Literal [2]	Delta [3, 1, 1, 1, 1]	8409794
BZ2	Literal [2]	Literal [2, 2, 1, 1, 1]	7927723
BZ2	Literal [2]	Delta [2, 2, 1, 1, 1]	8460227
BZ2	Literal [2]	Literal [2, 1, 2, 1, 1]	7605714
BZ2	Literal [2]	Delta [2, 1, 2, 1, 1]	9018755
BZ2	Literal [2]	Literal [2, 1, 1, 2, 1]	7260966
BZ2	Literal [2]	Delta [2, 1, 1, 2, 1]	8160620
BZ2	Literal [2]	Literal [2, 1, 1, 1, 2]	8547608
BZ2	Literal [2]	Delta [2, 1, 1, 1, 2]	9203555
BZ2	Literal [2]	Literal [1, 3, 1, 1, 1]	7972909
BZ2	Literal [2]	Delta [1, 3, 1, 1, 1]	8500582
BZ2	Literal [2]	Literal [1, 2, 2, 1, 1]	7605714
BZ2	Literal [2]	Delta [1, 2, 2, 1, 1]	9018354
BZ2	Literal [2]	Literal [1, 2, 1, 2, 1]	7260966
BZ2	Literal [2]	Delta [1, 2, 1, 2, 1]	8161501
BZ2	Literal [2]	Literal [1, 2, 1, 1, 2]	8547608
BZ2	Literal [2]	Delta [1, 2, 1, 1, 2]	9203710
BZ2	Literal [2]	Literal [1, 1, 3, 1, 1]	7472030
BZ2	Literal [2]	Delta [1, 1, 3, 1, 1]	8684073
BZ2	Literal [2]	Literal [1, 1, 2, 2, 1]	7222369
BZ2	Literal [2]	Delta [1, 1, 2, 2, 1]	7862275
BZ2	Literal [2]	Literal [1, 1, 2, 1, 2]	8509409
BZ2	Literal [2]	Delta [1, 1, 2, 1, 2]	8983285
BZ2	Literal [2]	Literal [1, 1, 1, 3, 1]	6698914
BZ2	Literal [2]	Delta [1, 1, 1, 3, 1]	7666944
BZ2	Literal [2]	Literal [1, 1, 1, 2, 2]	7737182
BZ2	Literal [2]	Delta [1, 1, 1, 2, 2]	8595078
BZ2	Literal [2]	Literal [1, 1, 1, 1, 3]	7777085
BZ2	Literal [2]	Delta [1, 1, 1, 1, 3]	7879439
BZ2	Literal [2]	Literal [4, 1, 1, 1]	7966674
BZ2	Literal [2]	Delta [4, 1, 1, 1]	7934649
BZ2	Literal [2]	Literal [3, 2, 1, 1]	7605714
BZ2	Literal [2]	Delta [3, 2, 1, 1]	8404878
BZ2	Literal [2]	Literal [3, 1, 2, 1]	7260966
BZ2	Literal [2]	Delta [3, 1, 2, 1]	7572082
BZ2	Literal [2]	Literal [3, 1, 1, 2]	8547608
BZ2	Literal [2]	Delta [3, 1, 1, 2]	8631035
BZ2	Literal [2]	Literal [2, 3, 1, 1]	7472030
BZ2	Literal [2]	Delta [2, 3, 1, 1]	8478102
BZ2	Literal [2]	Literal [2, 2, 2, 1]	7222369
BZ2	Literal [2]	Delta [2, 2, 2, 1]	7505510
BZ2	Literal [2]	Literal [2, 2, 1, 2]	8509409
BZ2	Literal [2]	Delta [2, 2, 1, 2]	8665662
BZ2	Literal [2]	Literal [2, 1, 3, 1]	6698914
BZ2	Literal [2]	Delta [2, 1, 3, 1]	7886860
BZ2	Literal [2]	Literal [2, 1, 2, 2]	7737182
BZ2	Literal [2]	Delta [2, 1, 2, 2]	8742741
BZ2	Literal [2]	Literal [2, 1, 1, 3]	7777085
BZ2	Literal [2]	Delta [2, 1, 1, 3]	8163189
BZ2	Literal [2]	Literal [1, 4, 1, 1]	7492539
BZ2	Literal [2]	Delta [1, 4, 1, 1]	8405411
BZ2	Literal [2]	Literal [1, 3, 2, 1]	7249427
BZ2	Literal [2]	Delta [1, 3, 2, 1]	7611236
BZ2	Literal [2]	Literal [1, 3, 1, 2]	8543582
BZ2	Literal [2]	Delta [1, 3, 1, 2]	8675525
BZ2	Literal [2]	Literal [1, 2, 3, 1]	6698914
BZ2	Literal [2]	Delta [1, 2, 3, 1]	7887944
BZ2	Literal [2]	Literal [1, 2, 2, 2]	7737182
BZ2	Literal [2]	Delta [1, 2, 2, 2]	8741805
BZ2	Literal [2]	Literal [1, 2, 1, 3]	7777085
BZ2	Literal [2]	Delta [1, 2, 1, 3]	8164719
BZ2	Literal [2]	Literal [1, 1, 4, 1]	6516900
BZ2	Literal [2]	Delta [1, 1, 4, 1]	7394153
BZ2	Literal [2]	Literal [1, 1, 3, 2]	7756054
BZ2	Literal [2]	Delta [1, 1, 3, 2]	8536845
BZ2	Literal [2]	Literal [1, 1, 2, 3]	7757499
BZ2	Literal [2]	Delta [1, 1, 2, 3]	7911410
BZ2	Literal [2]	Literal [1, 1, 1, 4]	6990392
BZ2	Literal [2]	Delta [1, 1, 1, 4]	7525698
BZ2	Literal [2]	Literal [5, 1, 1]	7489957
BZ2	Literal [2]	Delta [5, 1, 1]	7804622
BZ2	Literal [2]	Literal [4, 2, 1]	7247537
BZ2	Literal [2]	Delta [4, 2, 1]	6998093
BZ2	Literal [2]	Literal [4, 1, 2]	8536925
BZ2	Literal [2]	Delta [4, 1, 2]	8098095
BZ2	Literal [2]	Literal [3, 3, 1]	6698914
BZ2	Literal [2]	Delta [3, 3, 1]	7213625
BZ2	Literal [2]	Literal [3, 2, 2]	7737182
BZ2	Literal [2]	Delta [3, 2, 2]	8109157
BZ2	Literal [2]	Literal [3, 1, 3]	7777085
BZ2	Literal [2]	Delta [3, 1, 3]	7561012
BZ2	Literal [2]	Literal [2, 4, 1]	6516900
BZ2	Literal [2]	Delta [2, 4, 1]	7181467
BZ2	Literal [2]	Literal [2, 3, 2]	7756054
BZ2	Literal [2]	Delta [2, 3, 2]	8301892
BZ2	Literal [2]	Literal [2, 2, 3]	7757499
BZ2	Literal [2]	Delta [2, 2, 3]	7530782
BZ2	Literal [2]	Literal [2, 1, 4]	6990392
BZ2	Literal [2]	Delta [2, 1, 4]	7739085
BZ2	Literal [2]	Literal [1, 5, 1]	6501817
BZ2	Literal [2]	Delta [1, 5, 1]	7096108
BZ2	Literal [2]	Literal [1, 4, 2]	7750178
BZ2	Literal [2]	Delta [1, 4, 2]	8173945
BZ2	Literal [2]	Literal [1, 3, 3]	7814428
BZ2	Literal [2]	Delta [1, 3, 3]	7623916
BZ2	Literal [2]	Literal [1, 2, 4]	6990392
BZ2	Literal [2]	Delta [1, 2, 4]	7739904
BZ2	Literal [2]	Literal [1, 1, 5]	6943398
BZ2	Literal [2]	Delta [1, 1, 5]	7340591
BZ2	Literal [2]	Literal [6, 1]	6478076
BZ2	Literal [2]	Delta [6, 1]	6503469
BZ2	Literal [2]	Literal [5, 2]	7742682
BZ2	Literal [2]	Delta [5, 2]	7597792
BZ2	Literal [2]	Literal [4, 3]	7803266
BZ2	Literal [2]	Delta [4, 3]	6965442
BZ2	Literal [2]	Literal [3, 4]	6990392
BZ2	Literal [2]	Delta [3, 4]	7058959
BZ2	Literal [2]	Literal [2, 5]	6943398
BZ2	Literal [2]	Delta [2, 5]	7111238
BZ2	Literal [2]	Literal [1, 6]	6932442
BZ2	Literal [2]	Delta [1, 6]	7044565
BZ2	Literal [2]	Literal [7]	6934426
BZ2	Literal [2]	Delta [7]	6459402
BZ2	Delta [2]	Literal [1, 1, 1, 1, 1, 1, 1]	8016695
BZ2	Delta [2]	Delta [1, 1, 1, 1, 1, 1, 1]	8734489
BZ2	Delta [2]	Literal [2, 1, 1, 1, 1, 1]	8016695
BZ2	Delta [2]	Delta [2, 1, 1, 1, 1, 1]	9009918
BZ2	Delta [2]	Literal [1, 2, 1, 1, 1, 1]	8016695
BZ2	Delta [2]	Delta [1, 2, 1, 1, 1, 1]	9010504
BZ2	Delta [2]	Literal [1, 1, 2, 1, 1, 1]	7964873
BZ2	Delta [2]	Delta [1, 1, 2, 1, 1, 1]	8802803
BZ2	Delta [2]	Literal [1, 1, 1, 2, 1, 1]	7642574
BZ2	Delta [2]	Delta [1, 1, 1, 2, 1, 1]	8906137
BZ2	Delta [2]	Literal [1, 1, 1, 1, 2, 1]	7293950
BZ2	Delta [2]	Delta [1, 1, 1, 1, 2, 1]	7922235
BZ2	Delta [2]	Literal [1, 1, 1, 1, 1, 2]	8567682
BZ2	Delta [2]	Delta [1, 1, 1, 1, 1, 2]	8954188
BZ2	Delta [2]	Literal [3, 1, 1, 1, 1]	8016695
BZ2	Delta [2]	Delta [3, 1, 1, 1, 1]	8443340
BZ2	Delta [2]	Literal [2, 2, 1, 1, 1]	7964873
BZ2	Delta [2]	Delta [2, 2, 1, 1, 1]	8497032
BZ2	Delta [2]	Literal [2, 1, 2, 1, 1]	7642574
BZ2	Delta [2]	Delta [2, 1, 2, 1, 1]	9052630
BZ2	Delta [2]	Literal [2, 1, 1, 2, 1]	7293950
BZ2	Delta [2]	Delta [2, 1, 1, 2, 1]	8194374
BZ2	Delta [2]	Literal [2, 1, 1, 1, 2]	8567682
BZ2	Delta [2]	Delta [2, 1, 1, 1, 2]	9246880
BZ2	Delta [2]	Literal [1, 3, 1, 1, 1]	8010378
BZ2	Delta [2]	Delta [1, 3, 1, 1, 1]	8531935
BZ2	Delta [2]	Literal [1, 2, 2, 1, 1]	7642574
BZ2	Delta [2]	Delta [1, 2, 2, 1, 1]	9054266
BZ2	Delta [2]	Literal [1, 2, 1, 2, 1]	7293950
BZ2	Delta [2]	Delta [1, 2, 1, 2, 1]	8195967
BZ2	Delta [2]	Literal [1, 2, 1, 1, 2]	8567682
BZ2	Delta [2]	Delta [1, 2, 1, 1, 2]	9246184
BZ2	Delta [2]	Literal [1, 1, 3, 1, 1]	7510365
BZ2	Delta [2]	Delta [1, 1, 3, 1, 1]	8724058
BZ2	Delta [2]	Literal [1, 1, 2, 2, 1]	7256274
BZ2	Delta [2]	Delta [1, 1, 2, 2, 1]	7898853
BZ2	Delta [2]	Literal [1, 1, 2, 1, 2]	8533651
BZ2	Delta [2]	Delta [1, 1, 2, 1, 2]	9024494
BZ2	Delta [2]	Literal [1, 1, 1, 3, 1]	6737347
BZ2	Delta [2]	Delta [1, 1, 1, 3, 1]	7709590
BZ2	Delta [2]	Literal [1, 1, 1, 2, 2]	7765170
BZ2	Delta [2]	Delta [1, 1, 1, 2, 2]	8641719
BZ2	Delta [2]	Literal [1, 1, 1, 1, 3]	7798186
BZ2	Delta [2]	Delta [1, 1, 1, 1, 3]	7925938
BZ2	Delta [2]	Literal [4, 1, 1, 1]	8009563
BZ2	Delta [2]	Delta [4, 1, 1, 1]	7966147
BZ2	Delta [2]	Literal [3, 2, 1, 1]	7642574
BZ2	Delta [2]	Delta [3, 2, 1, 1]	8440976
BZ2	Delta [2]	Literal [3, 1, 2, 1]	7293950
BZ2	Delta [2]	Delta [3, 1, 2, 1]	7603785
BZ2	Delta [2]	Literal [3, 1, 1, 2]	8567682
BZ2	Delta [2]	Delta [3, 1, 1, 2]	8674404
BZ2	Delta [2]	Literal [2, 3, 1, 1]	7510365
BZ2	Delta [2]	Delta [2, 3, 1, 1]	8513471
BZ2	Delta [2]	Literal [2, 2, 2, 1]	7256274
BZ2	Delta [2]	Delta [2, 2, 2, 1]	7541736
BZ2	Delta [2]	Literal [2, 2, 1, 2]	8533651
BZ2	Delta [2]	Delta [2, 2, 1, 2]	8708922
BZ2	Delta [2]	Literal [2, 1, 3, 1]	6737347
BZ2	Delta [2]	Delta [2, 1, 3, 1]	7922073
BZ2	Delta [2]	Literal [2, 1, 2, 2]	7765170
BZ2	Delta [2]	Delta [2, 1, 2, 2]	8786661
BZ2	Delta [2]	Literal [2, 1, 1, 3]	7798186
BZ2	Delta [2]	Delta [2, 1, 1, 3]	8208141
BZ2	Delta [2]	Literal [1, 4, 1, 1]	7528973
BZ2	Delta [2]	Delta [1, 4, 1, 1]	8444440
BZ2	Delta [2]	Literal [1, 3, 2, 1]	7286779
BZ2	Delta [2]	Delta [1, 3, 2, 1]	7644462
BZ2	Delta [2]	Literal [1, 3, 1, 2]	8573107
BZ2	Delta [2]	Delta [1, 3, 1, 2]	8718541
BZ2	Delta [2]	Literal [1, 2, 3, 1]	6737347
BZ2	Delta [2]	Delta [1, 2, 3, 1]	7921721
BZ2	Delta [2]	Literal [1, 2, 2, 2]	7765170
BZ2	Delta [2]	Delta [1, 2, 2, 2]	8786135
BZ2	Delta [2]	Literal [1, 2, 1, 3]	7798186
BZ2	Delta [2]	Delta [1, 2, 1, 3]	8208266
BZ2	Delta [2]	Literal [1, 1, 4, 1]	6556508
BZ2	Delta [2]	Delta [1, 1, 4, 1]	7431791
BZ2	Delta [2]	Literal [1, 1, 3, 2]	7778660
BZ2	Delta [2]	Delta [1, 1, 3, 2]	8587399
BZ2	Delta [2]	Literal [1, 1, 2, 3]	7783247
BZ2	Delta [2]	Delta [1, 1, 2, 3]	7955059
BZ2	Delta [2]	Literal [1, 1, 1, 4]	7017637
BZ2	Delta [2]	Delta [1, 1, 1, 4]	7575209
BZ2	Delta [2]	Literal [5, 1, 1]	7525915
BZ2	Delta [2]	Delta [5, 1, 1]	7835565
BZ2	Delta [2]	Literal [4, 2, 1]	7286701
BZ2	Delta [2]	Delta [4, 2, 1]	7033280
BZ2	Delta [2]	Literal [4, 1, 2]	8571261
BZ2	Delta [2]	Delta [4, 1, 2]	8140992
BZ2	Delta [2]	Literal [3, 3, 1]	6737347
BZ2	Delta [2]	Delta [3, 3, 1]	7248347
BZ2	Delta [2]	Literal [3, 2, 2]	7765170
BZ2	Delta [2]	Delta [3, 2, 2]	8151420
BZ2	Delta [2]	Literal [3, 1, 3]	7798186
BZ2	Delta [2]	Delta [3, 1, 3]	7607287
BZ2	Delta [2]	Literal [2, 4, 1]	6556508
BZ2	Delta [2]	Delta [2, 4, 1]	7220051
BZ2	Delta [2]	Literal [2, 3, 2]	7778660
BZ2	Delta [2]	Delta [2, 3, 2]	8351657
BZ2	Delta [2]	Literal [2, 2, 3]	7783247
BZ2	Delta [2]	Delta [2, 2, 3]	7578191
BZ2	Delta [2]	Literal [2, 1, 4]	7017637
BZ2	Delta [2]	Delta [2, 1, 4]	7781368
BZ2	Delta [2]	Literal [1, 5, 1]	6542410
BZ2	Delta [2]	Delta [1, 5, 1]	7134751
BZ2	Delta [2]	Literal [1, 4, 2]	7776442
BZ2	Delta [2]	Delta [1, 4, 2]	8218312
BZ2	Delta [2]	Literal [1, 3, 3]	7840508
BZ2	Delta [2]	Delta [1, 3, 3]	7670842
BZ2	Delta [2]	Literal [1, 2, 4]	7017637
BZ2	Delta [2]	Delta [1, 2, 4]	7781144
BZ2	Delta [2]	Literal [1, 1, 5]	6978634
BZ2	Delta [2]	Delta [1, 1, 5]	7387195
BZ2	Delta [2]	Literal [6, 1]	6522585
BZ2	Delta [2]	Delta [6, 1]	6537763
BZ2	Delta [2]	Literal [5, 2]	7774055
BZ2	Delta [2]	Delta [5, 2]	7644561
BZ2	Delta [2]	Literal [4, 3]	7834124
BZ2	Delta [2]	Delta [4, 3]	7013140
BZ2	Delta [2]	Literal [3, 4]	7017637
BZ2	Delta [2]	Delta [3, 4]	7104283
BZ2	Delta [2]	Literal [2, 5]	6978634
BZ2	Delta [2]	Delta [2, 5]	7161300
BZ2	Delta [2]	Literal [1, 6]	6966591
BZ2	Delta [2]	Delta [1, 6]	7088838
BZ2	Delta [2]	Literal [7]	6975354
BZ2	Delta [2]	Delta [7]	6502735